{"cameraMode":{"drawMode":0,"name":"Shaded","section":"Shading Mode"},"sceneLighting":false,"audioPlay":false,"sceneViewState":{"m_AlwaysRefresh":false,"showFog":true,"showSkybox":false,"showFlares":true,"showImageEffects":true,"showParticleSystems":true,"showVisualEffectGraphs":true,"m_FxEnabled":true},"in2DMode":false,"pivot":{"x":3.769365072250366,"y":0.24370090663433076,"z":2.0709972381591799},"rotation":{"x":0.15499253571033479,"y":0.3871764540672302,"z":-0.05901818722486496,"w":0.9069831371307373},"size":5.561166763305664,"orthographic":false}