{"cameraMode":{"drawMode":0,"name":"Shaded","section":"Shading Mode"},"sceneLighting":true,"audioPlay":false,"sceneViewState":{"m_AlwaysRefresh":false,"showFog":true,"showSkybox":true,"showFlares":true,"showImageEffects":true,"showParticleSystems":true,"showVisualEffectGraphs":true,"m_FxEnabled":true},"in2DMode":false,"pivot":{"x":60.16508865356445,"y":14.894625663757325,"z":-14.625616073608399},"rotation":{"x":0.16683219373226167,"y":-0.24275366961956025,"z":0.03632773831486702,"w":0.9549412727355957},"size":2.857987880706787,"orthographic":false}