{"cameraMode":{"drawMode":0,"name":"Shaded","section":"Shading Mode"},"sceneLighting":true,"audioPlay":false,"sceneViewState":{"m_AlwaysRefresh":false,"showFog":true,"showSkybox":true,"showFlares":true,"showImageEffects":true,"showParticleSystems":true,"showVisualEffectGraphs":true,"m_FxEnabled":true},"in2DMode":false,"pivot":{"x":-65.662841796875,"y":2.2570011615753176,"z":-43.05198669433594},"rotation":{"x":0.027836713939905168,"y":0.21637575328350068,"z":0.019593054428696634,"w":0.9757317304611206},"size":9.453228950500489,"orthographic":false}