{"cameraMode":{"drawMode":0,"name":"Shaded","section":"Shading Mode"},"sceneLighting":false,"audioPlay":false,"sceneViewState":{"m_AlwaysRefresh":false,"showFog":true,"showSkybox":false,"showFlares":true,"showImageEffects":true,"showParticleSystems":true,"showVisualEffectGraphs":true,"m_FxEnabled":true},"in2DMode":false,"pivot":{"x":27.962800979614259,"y":-1.6973341703414918,"z":-23.770524978637697},"rotation":{"x":-0.012869042344391346,"y":-0.9731908440589905,"z":0.2222701907157898,"w":0.05774698406457901},"size":12.277338027954102,"orthographic":false}