{"cameraMode":{"drawMode":0,"name":"Shaded","section":"Shading Mode"},"sceneLighting":false,"audioPlay":false,"sceneViewState":{"m_AlwaysRefresh":false,"showFog":true,"showSkybox":false,"showFlares":true,"showImageEffects":true,"showParticleSystems":true,"showVisualEffectGraphs":true,"m_FxEnabled":true},"in2DMode":false,"pivot":{"x":21.248044967651368,"y":8.211088180541993,"z":-53.284637451171878},"rotation":{"x":0.07263078540563584,"y":0.9086878895759583,"z":-0.19878579676151277,"w":0.3600209653377533},"size":0.5660253763198853,"orthographic":false}