{"cameraMode":{"drawMode":0,"name":"Shaded","section":"Shading Mode"},"sceneLighting":false,"audioPlay":false,"sceneViewState":{"m_AlwaysRefresh":false,"showFog":true,"showSkybox":false,"showFlares":true,"showImageEffects":true,"showParticleSystems":true,"showVisualEffectGraphs":true,"m_FxEnabled":true},"in2DMode":false,"pivot":{"x":0.3704257011413574,"y":-0.8886924982070923,"z":-0.05605745315551758},"rotation":{"x":0.2227364033460617,"y":-0.23342835903167725,"z":0.048850398510694507,"w":0.9452499747276306},"size":2.8056631088256838,"orthographic":false}