{"cameraMode":{"drawMode":0,"name":"Shaded","section":"Shading Mode"},"sceneLighting":false,"audioPlay":false,"sceneViewState":{"m_AlwaysRefresh":false,"showFog":true,"showSkybox":false,"showFlares":true,"showImageEffects":true,"showParticleSystems":true,"showVisualEffectGraphs":true,"m_FxEnabled":true},"in2DMode":false,"pivot":{"x":25.72911834716797,"y":5.399064064025879,"z":-59.432498931884769},"rotation":{"x":0.029298551380634309,"y":-0.9459162354469299,"z":0.3027488589286804,"w":0.11297819018363953},"size":2.5046579837799074,"orthographic":false}