{"cameraMode":{"drawMode":0,"name":"Shaded","section":"Shading Mode"},"sceneLighting":false,"audioPlay":false,"sceneViewState":{"m_AlwaysRefresh":false,"showFog":true,"showSkybox":false,"showFlares":true,"showImageEffects":true,"showParticleSystems":true,"showVisualEffectGraphs":true,"m_FxEnabled":true},"in2DMode":false,"pivot":{"x":23.518333435058595,"y":-0.3142615854740143,"z":-64.56564331054688},"rotation":{"x":0.029298551380634309,"y":-0.9459162354469299,"z":0.3027488589286804,"w":0.11297819018363953},"size":5.804658889770508,"orthographic":false}