{"cameraMode":{"drawMode":0,"name":"Shaded","section":"Shading Mode"},"sceneLighting":false,"audioPlay":false,"sceneViewState":{"m_AlwaysRefresh":false,"showFog":true,"showSkybox":false,"showFlares":true,"showImageEffects":true,"showParticleSystems":true,"showVisualEffectGraphs":true,"m_FxEnabled":true},"in2DMode":false,"pivot":{"x":-0.6203511953353882,"y":6.1342573165893559,"z":-6.864383697509766},"rotation":{"x":0.34017765522003176,"y":-0.07082197815179825,"z":0.052821509540081027,"w":0.9362021684646606},"size":5.966026306152344,"orthographic":false}